# etalon position (steps)	motor position (mm)	wavenumber (cm-1)	wavenumber error (cm-1)	power (watts)
6.0000000000e+03	7.6858014233e+00	2.9712589620e+03	3.6621093750e-04	8.8036068400e-01
6.0000000000e+03	8.1915102722e+00	3.0149945940e+03	1.9301011109e-04	1.0434888150e+00
6.0000000000e+03	8.5695283383e+00	3.0582076755e+03	2.8300837694e-04	9.7200914850e-01
6.0000000000e+03	9.0695284285e+00	3.1026571045e+03	2.7806186388e-03	1.0763427100e+00
6.0050000000e+03	7.6918835105e+00	2.9717270525e+03	3.3430331879e-04	9.8667146450e-01
6.0050000000e+03	8.1955796116e+00	3.0156409700e+03	2.9271432637e-04	9.1514809700e-01
6.0050000000e+03	8.5736584743e+00	3.0599340140e+03	2.3241495074e-04	1.0999099350e+00
6.0050000000e+03	9.0757797696e+00	3.1026563790e+03	1.3647875839e-03	9.5381772300e-01
6.0100000000e+03	7.6948792312e+00	2.9723188135e+03	4.4434264461e-04	8.6938708700e-01
6.0100000000e+03	8.1996745643e+00	3.0159997460e+03	1.8310546875e-04	9.2040911950e-01
6.0100000000e+03	8.5844623769e+00	3.0601875100e+03	6.1491216063e-04	1.0992746000e+00
6.0100000000e+03	9.0762824130e+00	3.1037515040e+03	1.9406876337e-03	1.0736770350e+00
6.0150000000e+03	7.7006630837e+00	2.9729654760e+03	3.5589305999e-04	8.8119248450e-01
6.0150000000e+03	8.2045318230e+00	3.0164128295e+03	2.7634842341e-04	9.5343605300e-01
6.0150000000e+03	8.5887536092e+00	3.0602008430e+03	2.7969822357e-04	1.0957638450e+00
6.0150000000e+03	9.0880302723e+00	3.1038652880e+03	2.6952395222e-04	9.6250555450e-01
6.0200000000e+03	7.7059337897e+00	2.9730006610e+03	3.4526698300e-04	8.2281508750e-01
6.0200000000e+03	8.2083868850e+00	3.0169702870e+03	2.2837264324e-04	9.5945287050e-01
6.0200000000e+03	8.5897160465e+00	3.0612488865e+03	4.2334822104e-03	1.0926244800e+00
6.0200000000e+03	9.0973027073e+00	3.1038638580e+03	3.4255896485e-04	9.5676478500e-01
6.0250000000e+03	7.7102067361e+00	2.9736469915e+03	2.8628025878e-04	8.7792416900e-01
6.0250000000e+03	8.2111790140e+00	3.0173287975e+03	2.7295751678e-04	9.0376760300e-01
6.0250000000e+03	8.6036567997e+00	3.0613455730e+03	1.2168824486e-03	1.1269360900e+00
6.0250000000e+03	9.1020723951e+00	3.1046011720e+03	5.3209215619e-04	9.9220366050e-01
6.0300000000e+03	7.7176301430e+00	2.9742047910e+03	2.3638814369e-04	9.4622306550e-01
6.0300000000e+03	8.2173830974e+00	3.0182649945e+03	2.3241495074e-04	1.0291806550e+00
6.0300000000e+03	8.6055362564e+00	3.0666770095e+03	5.1380420342e+00	1.0385844500e+00
6.0300000000e+03	9.1026989267e+00	3.1051575380e+03	6.0575662968e-04	9.8653810550e-01
6.0350000000e+03	7.7257279970e+00	2.9750293160e+03	3.0210861013e-04	9.3254409450e-01
6.0350000000e+03	8.2214227753e+00	3.0187664415e+03	2.1143198335e-04	1.0053603070e+00
6.0350000000e+03	8.6145778163e+00	3.0652763210e+03	6.6493011668e+00	1.0986778200e+00
6.0350000000e+03	9.1142735118e+00	3.1053702710e+03	4.2506067740e-04	8.4794589400e-01
6.0400000000e+03	7.7297957326e+00	2.9750295495e+03	2.8300837694e-04	9.5252307100e-01
6.0400000000e+03	8.2232319112e+00	3.0188555665e+03	2.6604607810e-04	9.9533439800e-01
6.0400000000e+03	8.6143531704e+00	3.0632263120e+03	6.7122023859e-03	1.0355043600e+00
6.0400000000e+03	9.1253161704e+00	3.1059294920e+03	4.5058664124e-04	9.6352201650e-01
6.0450000000e+03	7.7323347101e+00	2.9753872925e+03	3.3430331879e-04	8.6080591500e-01
6.0450000000e+03	8.2254601643e+00	3.0192336135e+03	2.0698028513e-04	1.0353116650e+00
6.0450000000e+03	8.6198115682e+00	3.0630178925e+03	1.9033772131e-03	1.1304265750e+00
6.0450000000e+03	9.1239105234e+00	3.1063418170e+03	5.3731740911e-04	9.2191647300e-01
6.0500000000e+03	7.7340517466e+00	2.9761775965e+03	3.0210861013e-04	8.8414719350e-01
6.0500000000e+03	8.2287129105e+00	3.0195910245e+03	2.5165439609e-04	9.7826289850e-01
6.0500000000e+03	8.6276859856e+00	3.0638828735e+03	7.5841419185e-02	9.5466585750e-01
6.0500000000e+03	9.1279920059e+00	3.1071528825e+03	5.7418480598e-04	1.1372222400e+00
6.0550000000e+03	7.7415191522e+00	2.9767350730e+03	4.4013077093e-04	9.0291938500e-01
6.0550000000e+03	8.2320625311e+00	3.0205262760e+03	2.0243071230e-04	1.1351629250e+00
6.0550000000e+03	8.6343398932e+00	3.0644735370e+03	2.3241495074e-04	9.2139856550e-01
6.0550000000e+03	9.1342930405e+00	3.1078335995e+03	2.5165439609e-04	1.0726972350e+00
6.0600000000e+03	7.7448637762e+00	2.9770938730e+03	3.8116442861e-04	8.3141646350e-01
6.0600000000e+03	8.2379430987e+00	3.0207950580e+03	2.2837264324e-04	1.1044376550e+00
6.0600000000e+03	8.6423828209e+00	3.0653031005e+03	1.9301011109e-04	1.0564642600e+00
6.0600000000e+03	9.1338240987e+00	3.1083366615e+03	2.3241495074e-04	1.0164246700e+00
6.0650000000e+03	7.7533185830e+00	2.9775600730e+03	2.6952395222e-04	8.9588924400e-01
6.0650000000e+03	8.2406637761e+00	3.0211519690e+03	2.2006538547e-04	9.3723914050e-01
6.0650000000e+03	8.6477717786e+00	3.0658035190e+03	2.2425748378e-04	1.0312308350e+00
6.0650000000e+03	9.1449166786e+00	3.1083356835e+03	1.8812298593e-04	1.0643109550e+00
6.0700000000e+03	7.7533973648e+00	2.9781185420e+03	2.8951516664e-04	9.4621870050e-01
6.0700000000e+03	8.2437305168e+00	3.0219985075e+03	2.0243071230e-04	1.0897159550e+00
6.0700000000e+03	8.6592816202e+00	3.0658255290e+03	2.6017018415e-03	1.0427992600e+00
6.0700000000e+03	9.1463437465e+00	3.1091272255e+03	5.0699608538e-04	1.1393585300e+00
6.0750000000e+03	7.7613393226e+00	2.9787647980e+03	2.8300837694e-04	8.9304624150e-01
6.0750000000e+03	8.2476829866e+00	3.0223556095e+03	1.8310546875e-04	1.1197522250e+00
6.0750000000e+03	8.6582699219e+00	3.0660368385e+03	1.2947511863e-04	1.0521927400e+00
6.0750000000e+03	9.1524705703e+00	3.1091064185e+03	2.8951516664e-04	9.9703272600e-01
6.0800000000e+03	7.2713250112e+00	2.9347944285e+03	2.6604607810e-04	9.0153564800e-01
6.0800000000e+03	7.7657135541e+00	2.9784764620e+03	3.9555302114e-04	8.9063179500e-01
6.0800000000e+03	8.2501913832e+00	3.0223564985e+03	2.9900997837e-04	1.1671671800e+00
6.0800000000e+03	8.6670910545e+00	3.0665057840e+03	2.7634842341e-04	1.0672695600e+00
6.0800000000e+03	9.1547421654e+00	3.1091072745e+03	4.2506067740e-04	1.0059546875e+00
6.0850000000e+03	7.2750846429e+00	2.9358204585e+03	4.7669980932e-04	9.6988412200e-01
6.0850000000e+03	7.7726598545e+00	2.9790329025e+03	2.3638814369e-04	9.6388057700e-01
6.0850000000e+03	8.2542901525e+00	3.0230035965e+03	2.1579186438e-04	1.0691118050e+00
6.0850000000e+03	8.6696609006e+00	3.0667729735e+03	1.9301011109e-04	1.0281222100e+00
6.0850000000e+03	9.1627036282e+00	3.1098435180e+03	2.2837264324e-04	9.8158667600e-01
6.0900000000e+03	7.2760557025e+00	2.9362332330e+03	4.1620427542e-04	9.2866589750e-01
6.0900000000e+03	7.7744638562e+00	2.9796183410e+03	1.3760010153e-02	8.2616093950e-01
6.0900000000e+03	8.2575829329e+00	3.0231542665e+03	1.8735859923e-01	1.0121125140e+00
6.0900000000e+03	8.6744920331e+00	3.0674204950e+03	2.2837264324e-04	1.0411439350e+00
6.0900000000e+03	9.1697303044e+00	3.1104895825e+03	2.4029565045e-04	9.9646851350e-01
6.0950000000e+03	7.2828607906e+00	2.9371137930e+03	4.6682917910e-04	9.5733745500e-01
6.0950000000e+03	7.7856113305e+00	2.9804145110e+03	3.2583856970e-04	9.4802428900e-01
6.0950000000e+03	8.2614209380e+00	3.0240066145e+03	1.9301011109e-04	1.0361218550e+00
6.0950000000e+03	8.6816586300e+00	3.0673999125e+03	2.3241495074e-04	9.6200992800e-01
6.0950000000e+03	9.1747201121e+00	3.1117161630e+03	4.3587819998e-04	1.0944009500e+00
6.1000000000e+03	7.2871342658e+00	2.9372919660e+03	4.0023428493e-04	9.7366168800e-01
6.1000000000e+03	7.7874695099e+00	2.9806845200e+03	3.6874529949e-04	9.0807303100e-01
6.1000000000e+03	8.2663459352e+00	3.0245637350e+03	2.1579186438e-04	1.1015596750e+00
6.1000000000e+03	8.6895645086e+00	3.0678672445e+03	3.0210861013e-04	1.0034506965e+00
6.1000000000e+03	9.1807080418e+00	3.1114950185e+03	1.2612291455e-03	8.6443578900e-01
6.1050000000e+03	7.2916337228e+00	2.9377397025e+03	6.8375721748e-04	8.2526622500e-01
6.1050000000e+03	7.7938931694e+00	2.9810424250e+03	4.0023428493e-04	8.4179841900e-01
6.1050000000e+03	8.2680181405e+00	3.0253906650e+03	3.1121945273e-04	1.0214581700e+00
6.1050000000e+03	8.6952487537e+00	3.0684591855e+03	2.2837264324e-04	9.4738282900e-01
6.1100000000e+03	7.2989891482e+00	2.9388534905e+03	4.8059130090e-04	9.2770829950e-01
6.1100000000e+03	7.8003059849e+00	2.9819766060e+03	2.4029565045e-04	9.3294076350e-01
6.1100000000e+03	8.2731276135e+00	3.0259461860e+03	1.7263349150e-04	1.1294412150e+00
6.1100000000e+03	8.6995798514e+00	3.0692149390e+03	2.3241495074e-04	1.1334557550e+00
6.1150000000e+03	7.3064147717e+00	2.9390317875e+03	4.5674528647e-04	9.0216462050e-01
6.1150000000e+03	7.8055209201e+00	2.9825337640e+03	3.0517578125e-04	1.0056936600e+00
6.1150000000e+03	8.2754659800e+00	3.0266829350e+03	1.5560972637e-04	1.1662355450e+00
6.1150000000e+03	8.7074438235e+00	3.0698617190e+03	1.9777651057e-04	1.1162601050e+00
6.1200000000e+03	7.3144183980e+00	2.9393894395e+03	4.1620427542e-04	8.7199737150e-01
6.1200000000e+03	7.8135023789e+00	2.9829809780e+03	3.3707766776e-04	9.2340305500e-01
6.1200000000e+03	8.2837492936e+00	3.0270467750e+03	9.7846798962e-04	1.0540395800e+00
6.1200000000e+03	8.7137641974e+00	3.0703033775e+03	2.9930171962e-01	1.0080231170e+00
6.1250000000e+03	7.3167437961e+00	2.9397997940e+03	1.1573014859e-01	8.6728654100e-01
6.1250000000e+03	7.8167867056e+00	2.9831600930e+03	3.7126236147e-04	8.3122530600e-01
6.1250000000e+03	8.2854463911e+00	3.0271294670e+03	1.7263349150e-04	1.1065240300e+00
6.1250000000e+03	8.7165641835e+00	3.0707801110e+03	2.0325715094e-03	9.8292424100e-01
6.1300000000e+03	7.3234489463e+00	2.9406484545e+03	3.7376247296e-04	9.2868655850e-01
6.1300000000e+03	7.8239830335e+00	2.9839502215e+03	3.6621093750e-04	9.2256512800e-01
6.1300000000e+03	8.2867687162e+00	3.0277761225e+03	1.7794652999e-04	1.0284942550e+00
6.1300000000e+03	8.7245294950e+00	3.0709899620e+03	1.9301011109e-04	9.7178244050e-01
6.1350000000e+03	7.3336739648e+00	2.9416855340e+03	1.1627123575e-01	9.5888120100e-01
6.1350000000e+03	7.8329044153e+00	2.9850102040e+03	2.8300837694e-04	9.8212516400e-01
6.1350000000e+03	8.2924153373e+00	3.0287458595e+03	2.3241495074e-04	1.0331744150e+00
6.1350000000e+03	8.7393962036e+00	3.0719595615e+03	2.0243071230e-04	1.0334535250e+00
6.1400000000e+03	7.3364346870e+00	2.9415625340e+03	6.8511792971e-04	9.1347472650e-01
6.1400000000e+03	7.8356468539e+00	2.9850106190e+03	2.5532837724e-04	1.0065658415e+00
6.1400000000e+03	8.2975631830e+00	3.0284632515e+03	2.5721972043e-01	1.0157306920e+00
6.1400000000e+03	8.7460327740e+00	3.0719730095e+03	2.8786990584e-03	1.0211769700e+00
6.1450000000e+03	7.3426836616e+00	2.9415970975e+03	5.0330879219e-04	8.9114543750e-01
6.1450000000e+03	7.8383358232e+00	2.9856575505e+03	3.0821243098e-04	1.0359164100e+00
6.1450000000e+03	8.2982276675e+00	3.0291463970e+03	3.0331070093e-01	1.1072885810e+00
6.1450000000e+03	8.7512009268e+00	3.0723762490e+03	9.3565122783e-04	9.5717967400e-01
6.1500000000e+03	7.3442192037e+00	2.9426472495e+03	3.8469825194e-02	8.9443666700e-01
6.1500000000e+03	7.8433889256e+00	2.9853678750e+03	2.6604607810e-04	9.4631060400e-01
6.1500000000e+03	8.3008893491e+00	3.0293731810e+03	1.8310546875e-04	9.3961034350e-01
6.1500000000e+03	8.7542901772e+00	3.0731218635e+03	6.2665897968e-03	1.1235362650e+00
6.1550000000e+03	7.3449608598e+00	2.9427115070e+03	6.1943918244e-04	9.1741676100e-01
6.1550000000e+03	7.8453950950e+00	2.9859250270e+03	3.3430331879e-04	9.0257247400e-01
6.1550000000e+03	8.3045080164e+00	3.0293720375e+03	1.7794652999e-04	9.4703716350e-01
6.1550000000e+03	8.7564439527e+00	3.0733079620e+03	1.2176475429e-03	1.0768734500e+00
6.1600000000e+03	7.3555542004e+00	2.9436824505e+03	4.4643368037e-04	9.4938719250e-01
6.1600000000e+03	7.8564144063e+00	2.9861040165e+03	3.6621093750e-04	9.1918715600e-01
6.1600000000e+03	8.3047571450e+00	3.0295509840e+03	2.2837264324e-04	9.1661044450e-01
6.1600000000e+03	8.7565191060e+00	3.0740118710e+03	3.3430331879e-04	1.1253846900e+00
6.1650000000e+03	7.3607319799e+00	2.9435381885e+03	3.7624597186e-04	9.3895860000e-01
6.1650000000e+03	7.8629957232e+00	2.9871646115e+03	3.0210861013e-04	9.5485265250e-01
6.1650000000e+03	8.3115346183e+00	3.0305766090e+03	2.4029565045e-04	9.9389409750e-01
6.1650000000e+03	8.7634562372e+00	3.0739905065e+03	1.8310546875e-04	1.0501275950e+00
6.1700000000e+03	7.3711557247e+00	2.9440393160e+03	4.7669980932e-04	9.5478517500e-01
6.1700000000e+03	7.8701503244e+00	2.9880445675e+03	3.5850037001e-04	9.5558298350e-01
6.1700000000e+03	8.3159778953e+00	3.0314563460e+03	2.1579186438e-04	1.0194661000e+00
6.1700000000e+03	8.7733118974e+00	3.0748155040e+03	2.2837264324e-04	1.0280139000e+00
6.1750000000e+03	7.3780166891e+00	2.9442184370e+03	6.5736875087e-04	9.2776859100e-01
6.1750000000e+03	7.8769102355e+00	2.9887262960e+03	3.7376247296e-04	8.2680247700e-01
6.1750000000e+03	8.3204917732e+00	3.0317230570e+03	3.2868437544e-04	8.7715115850e-01
6.1750000000e+03	8.7796127241e+00	3.0748153565e+03	1.3647875839e-04	1.0669790350e+00
6.1800000000e+03	7.3832488519e+00	2.9454786450e+03	3.4255896485e-04	9.5211071450e-01
6.1800000000e+03	7.8800663101e+00	2.9881672985e+03	4.1620427542e-04	8.8315426150e-01
6.1800000000e+03	8.3186659105e+00	3.0324266195e+03	1.9301011109e-04	1.0777747550e+00
6.1800000000e+03	8.7786502727e+00	3.0747933860e+03	2.5165439609e-04	8.3821613150e-01
6.1850000000e+03	7.3870954871e+00	2.9454777455e+03	2.6604607810e-04	1.0030470980e+00
6.1850000000e+03	7.8847039623e+00	2.9887249775e+03	2.5532837724e-04	9.4818475600e-01
6.1850000000e+03	8.3224328681e+00	3.0324612725e+03	2.0243071230e-04	9.7978023400e-01
6.1850000000e+03	8.7861756556e+00	3.0766854805e+03	3.0210861013e-04	1.2010105000e+00
6.1900000000e+03	7.3917844149e+00	2.9457455030e+03	4.5264883344e-04	9.2640219850e-01
6.1900000000e+03	7.8890395776e+00	2.9893363260e+03	2.7969822357e-04	9.9312854200e-01
6.1900000000e+03	8.3256232406e+00	3.0324601930e+03	2.6604607810e-04	9.6360426950e-01
6.1900000000e+03	8.7910795741e+00	3.0761421575e+03	2.1143198335e-04	9.7624451950e-01
6.1950000000e+03	7.4008322197e+00	2.9471845055e+03	3.5850037001e-04	9.8496709350e-01
6.1950000000e+03	7.8921809850e+00	2.9901618825e+03	3.5850037001e-04	9.7287157750e-01
6.1950000000e+03	8.3293609660e+00	3.0337537640e+03	1.8812298593e-04	1.0229568550e+00
6.1950000000e+03	8.7982842551e+00	3.0766438910e+03	2.9271432637e-04	9.4572825250e-01
6.2000000000e+03	7.4063298611e+00	2.9471840720e+03	2.8300837694e-04	9.7532565550e-01
6.2000000000e+03	7.9011510527e+00	2.9905747375e+03	2.3241495074e-04	9.5166539900e-01
6.2000000000e+03	8.3314756505e+00	3.0341304230e+03	1.4950498918e-04	1.0767311750e+00
6.2000000000e+03	8.8021354065e+00	3.0782259825e+03	2.2837264324e-04	1.0803795450e+00
6.2050000000e+03	7.4152578972e+00	2.9473072465e+03	3.9081568832e-04	9.2475335050e-01
6.2050000000e+03	7.9147530427e+00	2.9909327755e+03	3.1419769717e-04	8.9918878700e-01
6.2050000000e+03	8.3391019552e+00	3.0349028220e+03	2.4792597670e-04	9.6915248050e-01
6.2050000000e+03	8.8117491910e+00	3.0782256100e+03	2.0698028513e-04	1.1608556500e+00
6.2100000000e+03	7.4203088867e+00	2.9473963400e+03	4.4013077093e-04	9.1765256750e-01
6.2100000000e+03	7.9123933784e+00	2.9912564305e+03	1.9777651057e-04	9.2529893950e-01
6.2100000000e+03	8.3407302271e+00	3.0347582965e+03	2.2006538547e-04	9.8908606400e-01
6.2100000000e+03	8.8127883730e+00	3.0782068195e+03	2.8951516664e-04	9.4349263050e-01
6.2150000000e+03	7.4252605752e+00	2.9484214975e+03	4.8828125000e-04	1.0049105940e+00
6.2150000000e+03	7.9201360686e+00	2.9918131195e+03	2.7969822357e-04	9.6422125400e-01
6.2150000000e+03	8.3399027903e+00	3.0356032015e+03	1.4314012939e-04	1.0529550000e+00
6.2150000000e+03	8.8213168445e+00	3.0782941405e+03	3.2007105962e-04	9.1733301000e-01
6.2200000000e+03	7.4355196733e+00	2.9493923965e+03	4.1620427542e-04	9.8375787600e-01
6.2200000000e+03	7.9281526534e+00	2.9928719880e+03	3.0821243098e-04	9.4318909000e-01
6.2200000000e+03	8.3526900982e+00	3.0369166710e+03	4.7474210163e-04	1.2194116400e+00
6.2200000000e+03	8.8315374001e+00	3.0800550190e+03	1.7263349150e-04	1.0505308500e+00
6.2250000000e+03	7.4397431398e+00	2.9499492735e+03	3.1121945273e-04	1.0199621470e+00
6.2250000000e+03	7.9326034271e+00	2.9932855035e+03	2.8951516664e-04	8.9193512600e-01
6.2250000000e+03	8.3521725891e+00	3.0370418840e+03	2.4792597670e-04	1.1735890400e+00
6.2250000000e+03	8.8321697907e+00	3.0800546760e+03	3.1121945273e-04	1.0752697850e+00
6.2300000000e+03	7.4431112713e+00	2.9501288170e+03	2.6952395222e-04	1.0432579900e+00
6.2300000000e+03	7.9367553656e+00	2.9932854870e+03	2.4414062500e-04	9.6829253100e-01
6.2300000000e+03	8.3524534916e+00	3.0368962690e+03	1.8310546875e-04	1.1629378350e+00
6.2300000000e+03	8.8313617594e+00	3.0800550785e+03	2.2006538547e-04	1.0874630850e+00
6.2350000000e+03	7.4458532588e+00	2.9505418410e+03	3.5850037001e-04	9.5622526800e-01
6.2350000000e+03	7.9404307879e+00	2.9937870090e+03	3.6108885395e-04	8.5952636350e-01
6.2350000000e+03	8.3531320873e+00	3.0370210095e+03	1.9301011109e-04	1.0290162350e+00
6.2350000000e+03	8.8358880020e+00	3.0803238615e+03	2.4792597670e-04	9.4371961500e-01
6.2400000000e+03	7.4501420993e+00	2.9500726415e+03	2.7969822357e-04	9.8728126100e-01
6.2400000000e+03	7.9453046057e+00	2.9943451390e+03	2.3638814369e-04	9.0829581300e-01
6.2400000000e+03	8.3553127827e+00	3.0370210175e+03	2.2425748378e-04	1.0205686050e+00
6.2400000000e+03	8.8403499081e+00	3.0803239635e+03	2.7969822357e-04	9.7307653250e-01
6.2450000000e+03	7.4498469937e+00	2.9505408145e+03	3.5850037001e-04	9.2843586550e-01
6.2450000000e+03	7.9486080344e+00	2.9940532155e+03	8.4494505245e-02	9.7634156700e-01
6.2450000000e+03	8.3566924040e+00	3.0376327150e+03	1.7794652999e-04	1.0982233900e+00
6.2450000000e+03	8.8377486381e+00	3.0812577815e+03	2.2837264324e-04	1.0574382850e+00
6.2500000000e+03	7.4530606076e+00	2.9509104370e+03	9.3375910009e-02	9.3736436650e-01
6.2500000000e+03	7.9481298122e+00	2.9940794265e+03	8.7296533737e-02	9.4571013100e-01
6.2500000000e+03	8.3569456126e+00	3.0368745425e+03	2.2006538547e-04	1.0024396575e+00
6.2500000000e+03	8.8376936130e+00	3.0812586500e+03	1.6715165939e-04	1.0621048750e+00
6.2550000000e+03	7.4556195680e+00	2.9510977055e+03	3.5062027872e-04	9.9659946500e-01
6.2550000000e+03	7.9523687191e+00	2.9941646315e+03	2.6952395222e-04	9.0009635250e-01
6.2550000000e+03	8.3593262853e+00	3.0375775145e+03	2.7634842341e-04	1.0785906800e+00
6.2550000000e+03	8.8433580407e+00	3.0812578995e+03	1.4314012939e-04	1.0613594950e+00
6.2600000000e+03	7.4629238579e+00	2.9515101430e+03	3.2296768934e-04	1.0072719965e+00
6.2600000000e+03	7.9542859222e+00	2.9946667730e+03	2.6252213339e-04	8.9812812500e-01
6.2600000000e+03	8.3648621532e+00	3.0384024665e+03	1.6715165939e-04	1.0556077950e+00
6.2600000000e+03	8.8463156503e+00	3.0818148450e+03	2.0243071230e-04	1.1830829750e+00
6.2650000000e+03	7.4649159809e+00	2.9521574630e+03	4.6881993090e-04	1.0407471650e+00
6.2650000000e+03	7.9601151070e+00	2.9949904835e+03	2.8628025878e-04	9.0602251300e-01
6.2650000000e+03	8.3656758315e+00	3.0387260015e+03	2.2006538547e-04	1.0266267250e+00
6.2650000000e+03	8.8577226359e+00	3.0821734205e+03	1.4314012939e-04	1.0508781400e+00
6.2700000000e+03	7.4728610904e+00	2.9517781685e+03	2.2837264324e-04	1.0272641150e+00
6.2700000000e+03	7.9693372271e+00	2.9951697030e+03	2.7634842341e-04	9.5351279600e-01
6.2700000000e+03	8.3701639754e+00	3.0389951020e+03	2.2837264324e-04	1.0568351650e+00
6.2700000000e+03	8.8540049106e+00	3.0818843990e+03	2.4029565045e-04	9.4509167350e-01
6.2750000000e+03	7.4771101250e+00	2.9525148665e+03	3.3707766776e-04	1.0087953590e+00
6.2750000000e+03	7.9727202779e+00	2.9958164565e+03	2.4029565045e-04	9.8955236500e-01
6.2750000000e+03	8.3713681121e+00	3.0395518550e+03	1.9301011109e-04	1.0647983150e+00
6.2750000000e+03	8.8554144939e+00	3.0829098710e+03	2.0698028513e-04	1.0316111150e+00
6.2800000000e+03	7.4806902009e+00	2.9526936335e+03	3.4255896485e-04	1.0055681875e+00
6.2800000000e+03	7.9730335226e+00	2.9962847085e+03	1.5560972637e-04	1.0272491050e+00
6.2800000000e+03	8.3744418495e+00	3.0395514225e+03	1.6715165939e-04	1.0758446500e+00
6.2800000000e+03	8.8572410433e+00	3.0829097150e+03	2.4029565045e-04	1.0411457650e+00
6.2850000000e+03	7.4856090006e+00	2.9530727580e+03	4.2724609375e-04	1.0476670350e+00
6.2850000000e+03	7.9763384227e+00	2.9962837340e+03	2.0243071230e-04	1.0478946400e+00
6.2850000000e+03	8.3778538831e+00	3.0404890080e+03	1.8310546875e-04	1.1717073950e+00
6.2850000000e+03	8.8597936984e+00	3.0831782950e+03	2.6252213339e-04	9.8862763950e-01
6.2900000000e+03	7.4872103238e+00	2.9542549285e+03	4.6080532442e-04	9.8518364650e-01
6.2900000000e+03	7.9876226833e+00	2.9962636650e+03	2.6952395222e-04	8.8786510150e-01
6.2900000000e+03	8.3767705808e+00	3.0407569405e+03	1.8812298593e-04	1.1553790450e+00
6.2900000000e+03	8.8684535584e+00	3.0832677930e+03	3.8116442861e-04	9.8149924550e-01
6.2950000000e+03	7.4944514205e+00	2.9538073420e+03	3.0210861013e-04	1.0250927600e+00
6.2950000000e+03	7.9928667619e+00	2.9972882795e+03	2.3638814369e-04	9.7487107800e-01
6.2950000000e+03	8.3822364912e+00	3.0408447685e+03	2.0698028513e-04	1.1385232250e+00
6.2950000000e+03	8.8712764354e+00	3.0838239535e+03	1.9777651057e-04	9.9069121450e-01
6.3000000000e+03	7.5014039952e+00	2.9543438625e+03	3.7376247296e-04	9.6233434100e-01
6.3000000000e+03	7.9960246943e+00	2.9977650640e+03	2.6912005475e-02	1.0363731615e+00
6.3000000000e+03	8.3873040240e+00	3.0416350460e+03	1.8812298593e-04	1.1545422650e+00
6.3000000000e+03	8.8761786960e+00	3.0851373725e+03	2.2006538547e-04	1.2301104900e+00
6.3050000000e+03	7.5064051498e+00	2.9543446475e+03	3.6108885395e-04	9.8647379750e-01
6.3050000000e+03	7.9994566657e+00	2.9979721280e+03	7.1799099797e-02	1.0036625220e+00
6.3050000000e+03	8.3883038040e+00	3.0414370800e+03	1.7263349150e-04	1.0808805800e+00
6.3050000000e+03	8.8758453153e+00	3.0849395560e+03	1.5560972637e-04	1.0229093400e+00
6.3100000000e+03	7.5093050597e+00	2.9547019590e+03	3.5062027872e-04	9.2763147950e-01
6.3100000000e+03	8.0050655642e+00	2.9981146275e+03	2.4414062500e-04	9.4156822450e-01
6.3100000000e+03	8.3917185447e+00	3.0417056260e+03	2.1143198335e-04	1.0200006100e+00
6.3100000000e+03	8.8800000794e+00	3.0851179100e+03	2.2425748378e-04	1.0248585700e+00
6.3150000000e+03	7.5131429084e+00	2.9547018800e+03	3.9081568832e-04	9.3519774750e-01
6.3150000000e+03	8.0062737490e+00	2.9988510460e+03	3.5062027872e-04	8.9313040550e-01
6.3150000000e+03	8.3942379286e+00	3.0417051365e+03	2.1579186438e-04	1.0589226650e+00
6.3150000000e+03	8.8831535262e+00	3.0849186700e+03	2.2006538547e-04	9.0743110700e-01
6.3200000000e+03	7.5222431409e+00	2.9557271290e+03	4.2724609375e-04	9.4991622150e-01
6.3200000000e+03	8.0102419407e+00	2.9989642055e+03	8.4495695644e-02	1.1069046155e+00
6.3200000000e+03	8.3915900838e+00	3.0427290095e+03	2.2837264324e-04	1.0553710550e+00
6.3200000000e+03	8.8883053179e+00	3.0859976275e+03	1.8310546875e-04	1.0216392300e+00
6.3250000000e+03	7.5219464169e+00	2.9561063855e+03	2.5895023725e-04	1.0585427550e+00
6.3250000000e+03	8.0201645958e+00	2.9989396280e+03	2.6604607810e-04	9.6039281850e-01
6.3250000000e+03	8.3975752952e+00	3.0424416170e+03	1.7794652999e-04	1.0857443350e+00
6.3250000000e+03	8.8936364618e+00	3.0865561160e+03	1.4950498918e-04	1.0528472900e+00
6.3300000000e+03	7.5255385367e+00	2.9562845560e+03	2.8951516664e-04	9.9630511850e-01
6.3300000000e+03	8.0225348116e+00	2.9992078545e+03	2.6252213339e-04	8.8819426100e-01
6.3300000000e+03	8.4001535539e+00	3.0433767640e+03	4.4643368037e-04	1.0804818950e+00
6.3300000000e+03	8.9012009614e+00	3.0868777190e+03	1.9777651057e-04	1.0969033100e+00
6.3350000000e+03	7.5284936184e+00	2.9566421215e+03	3.4526698300e-04	9.5300892850e-01
6.3350000000e+03	8.0230339641e+00	3.0000545040e+03	3.2583856970e-04	1.0311295700e+00
6.3350000000e+03	8.4027603240e+00	3.0434115920e+03	2.2425748378e-04	1.0012863225e+00
6.3350000000e+03	8.8978319420e+00	3.0867338775e+03	1.8310546875e-04	1.0599881550e+00
6.3400000000e+03	7.5331396689e+00	2.9571440905e+03	4.2506067740e-04	9.2002072700e-01
6.3400000000e+03	8.0289943052e+00	3.0000338425e+03	2.5165439609e-04	8.9419716000e-01
6.3400000000e+03	8.4048630079e+00	3.0442580850e+03	3.0821243098e-04	1.1751341100e+00
6.3400000000e+03	8.9039907620e+00	3.0877603325e+03	2.2425748378e-04	1.2298110250e+00
6.3450000000e+03	7.5404034791e+00	2.9572883795e+03	2.5532837724e-04	9.5939501900e-01
6.3450000000e+03	8.0393843513e+00	3.0012922620e+03	3.1121945273e-04	9.6173719150e-01
6.3450000000e+03	8.4109281145e+00	3.0449396130e+03	1.8812298593e-04	1.1540935350e+00
6.3450000000e+03	8.9070345299e+00	3.0877393850e+03	1.6148384467e-04	1.0488931350e+00
6.3500000000e+03	7.5420806456e+00	2.9578453945e+03	2.6604607810e-04	1.0055640590e+00
6.3500000000e+03	8.0455833915e+00	3.0018497285e+03	2.7295751678e-04	1.0517807000e+00
6.3500000000e+03	8.4112046419e+00	3.0449389115e+03	1.3647875839e-04	1.2284902500e+00
6.3500000000e+03	8.9098325467e+00	3.0880486860e+03	1.5612478007e-02	9.6263038800e-01
6.3550000000e+03	7.5488446181e+00	2.9592282405e+03	3.2583856970e-04	9.5865257350e-01
6.3550000000e+03	8.0490961050e+00	3.0018489125e+03	1.6148384467e-04	1.0556724550e+00
6.3550000000e+03	8.4188581842e+00	3.0452962645e+03	1.4950498918e-04	1.1305939400e+00
6.3550000000e+03	8.9209949684e+00	3.0886000495e+03	2.9587889755e-04	9.6828925050e-01
6.3600000000e+03	7.5550916093e+00	2.9592280930e+03	4.3373627941e-04	9.8608312000e-01
6.3600000000e+03	8.0605652376e+00	3.0018283060e+03	2.9587889755e-04	9.4427946850e-01
6.3600000000e+03	8.4222004656e+00	3.0459980705e+03	1.9301011109e-04	1.0840854950e+00
6.3600000000e+03	8.9231145637e+00	3.0893360365e+03	1.9301011109e-04	9.0933676100e-01
6.3650000000e+03	7.5592275388e+00	2.9598753220e+03	3.5062027872e-04	9.4747454900e-01
6.3650000000e+03	8.0606307759e+00	3.0030092250e+03	1.5891394637e-01	9.1436426100e-01
6.3650000000e+03	8.4248296601e+00	3.0461216160e+03	1.6715165939e-04	1.0111851600e+00
6.3650000000e+03	8.9299373262e+00	3.0893344825e+03	3.1419769717e-04	9.2570067900e-01
6.3700000000e+03	7.5620725003e+00	2.9602878190e+03	5.0515580314e-04	9.5543510000e-01
6.3700000000e+03	8.0619908127e+00	3.0029424980e+03	2.9587889755e-04	9.4670440300e-01
6.3700000000e+03	8.4288640639e+00	3.0461212035e+03	1.9777651057e-04	1.0143952500e+00
6.3700000000e+03	8.9346566664e+00	3.0900370035e+03	2.2837264324e-04	1.0136135550e+00
6.3750000000e+03	7.5645405984e+00	2.9602876395e+03	2.4792597670e-04	9.4130185200e-01
6.3750000000e+03	8.0625574162e+00	3.0034097110e+03	2.4792597670e-04	9.7407649450e-01
6.3750000000e+03	8.4298681896e+00	3.0470567960e+03	2.5165439609e-04	1.1001958700e+00
6.3750000000e+03	8.9357897098e+00	3.0898367225e+03	3.2583856970e-04	9.0695307900e-01
6.3800000000e+03	7.5712907078e+00	2.9602874860e+03	3.4526698300e-04	1.0425531150e+00
6.3800000000e+03	8.0692372929e+00	3.0036789110e+03	3.1121945273e-04	8.5684713050e-01
6.3800000000e+03	8.4332525990e+00	3.0470015510e+03	1.8812298593e-04	9.8829531650e-01
6.3800000000e+03	8.9385564883e+00	3.0910074855e+03	2.0698028513e-04	1.0750776650e+00
6.3850000000e+03	7.5743072881e+00	2.9609343695e+03	4.1843594973e-04	9.8135366400e-01
6.3850000000e+03	8.0782657466e+00	3.0040908745e+03	2.0698028513e-04	9.7715004700e-01
6.3850000000e+03	8.4383503270e+00	3.0479372935e+03	2.4029565045e-04	1.1854959200e+00
6.3850000000e+03	8.9435263925e+00	3.0910955135e+03	2.5165439609e-04	1.0821403050e+00
6.3900000000e+03	7.5768536663e+00	2.9610242420e+03	3.3430331879e-04	1.0241692110e+00
6.3900000000e+03	8.0856789853e+00	3.0046084135e+03	8.6145214996e-02	9.9833847700e-01
6.3900000000e+03	8.4416754938e+00	3.0479173090e+03	2.3241495074e-04	9.8853611300e-01
6.3900000000e+03	8.9480785753e+00	3.0914194830e+03	2.0698028513e-04	1.0513819650e+00
6.3950000000e+03	7.5860750775e+00	2.9617043835e+03	3.0821243098e-04	9.0233417100e-01
6.3950000000e+03	8.0854795743e+00	3.0047376130e+03	2.3638814369e-04	9.4401486200e-01
6.3950000000e+03	8.4445303083e+00	3.0486189495e+03	2.3241495074e-04	1.0658888000e+00
6.3950000000e+03	8.9523660609e+00	3.0914185420e+03	1.7263349150e-04	1.0365333850e+00
6.4000000000e+03	7.5909308889e+00	2.9619732110e+03	4.0715527539e-04	8.5727559000e-01
6.4000000000e+03	8.0877549815e+00	3.0054293780e+03	7.7591577038e-02	9.4488533850e-01
6.4000000000e+03	8.4498525460e+00	3.0488866255e+03	1.6715165939e-04	1.0968699400e+00
6.4000000000e+03	8.9562255297e+00	3.0921559940e+03	2.4792597670e-04	1.0468546850e+00
6.4050000000e+03	7.5929678118e+00	2.9623509635e+03	4.6282198755e-04	9.5331667400e-01
6.4050000000e+03	8.0993255017e+00	3.0057425895e+03	1.9301011109e-04	9.3888166550e-01
6.4050000000e+03	8.4576385644e+00	3.0488667915e+03	1.7794652999e-04	8.9909181350e-01
6.4050000000e+03	8.9608209709e+00	3.0930370560e+03	3.2007105962e-04	1.0720598550e+00
6.4100000000e+03	7.5984745632e+00	2.9627983655e+03	4.7080226503e-04	8.6988326000e-01
6.4100000000e+03	8.0983311280e+00	3.0063897305e+03	1.6148384467e-04	9.2528802600e-01
6.4100000000e+03	8.4585088879e+00	3.0490460580e+03	4.3800964644e-04	8.3846701450e-01
6.4100000000e+03	8.9635627826e+00	3.0931990750e+03	6.9057442579e-03	1.0205816200e+00
6.4150000000e+03	7.6053209477e+00	2.9638794015e+03	3.0210861013e-04	1.0185842240e+00
6.4150000000e+03	8.1047401313e+00	3.0071253780e+03	2.8300837694e-04	8.8441226150e-01
6.4150000000e+03	8.4669992628e+00	3.0499810580e+03	2.3241495074e-04	9.8703934550e-01
6.4150000000e+03	8.9709741112e+00	3.0932504680e+03	2.8628025878e-04	9.5079184150e-01
6.4200000000e+03	7.6054494977e+00	2.9637338430e+03	3.5589305999e-04	1.0048396115e+00
6.4200000000e+03	8.1108771635e+00	3.0071255350e+03	2.6952395222e-04	9.2250969200e-01
6.4200000000e+03	8.4700465736e+00	3.0506280930e+03	1.6715165939e-04	9.9038495200e-01
6.4200000000e+03	8.9766911699e+00	3.0940044145e+03	2.0698028513e-04	9.7879330800e-01
6.4250000000e+03	7.6140300952e+00	2.9646487035e+03	3.5589305999e-04	8.9309809250e-01
6.4250000000e+03	8.1225594527e+00	3.0074494670e+03	1.6844421559e-01	8.4503944300e-01
6.4250000000e+03	8.4777281623e+00	3.0512736560e+03	2.3638814369e-04	1.0292653500e+00
6.4250000000e+03	8.9818706706e+00	3.0949557395e+03	2.5895023725e-04	1.0199844900e+00
6.4300000000e+03	7.6180934284e+00	2.9646484245e+03	4.4224172199e-04	9.4925003050e-01
6.4300000000e+03	8.1213981704e+00	3.0082739495e+03	2.2006538547e-04	9.2437320000e-01
6.4300000000e+03	8.4832063320e+00	3.0517965905e+03	2.7295751678e-04	1.1708514500e+00
6.4300000000e+03	8.9825858712e+00	3.0949550330e+03	2.4029565045e-04	1.0205632350e+00
6.4350000000e+03	7.6234106933e+00	2.9654395420e+03	3.8116442861e-04	9.9098056750e-01
6.4350000000e+03	8.1264666204e+00	3.0085965560e+03	2.1579186438e-04	9.3912703450e-01
6.4350000000e+03	8.4887984445e+00	3.0518616095e+03	6.7535614137e-03	9.4027629500e-01
6.4350000000e+03	8.9874097901e+00	3.0949335380e+03	4.2506067740e-04	8.2884527500e-01
6.4400000000e+03	7.6253917896e+00	2.9655833775e+03	3.2583856970e-04	1.0821412900e+00
6.4400000000e+03	8.1292924079e+00	3.0085963095e+03	1.9301011109e-04	9.3239533950e-01
6.4400000000e+03	8.4898991560e+00	3.0523866930e+03	2.2006538547e-04	1.0692892150e+00
6.4400000000e+03	8.9963495212e+00	3.0959766795e+03	1.9777651057e-04	9.0222191150e-01
6.4450000000e+03	7.6304105672e+00	2.9659415135e+03	2.8628025878e-04	9.3666800600e-01
6.4450000000e+03	8.1316063011e+00	3.0091534180e+03	2.7969822357e-04	8.8448083200e-01
6.4450000000e+03	8.4954512826e+00	3.0526208775e+03	1.9301011109e-04	1.1481783100e+00
6.4450000000e+03	8.9973079435e+00	3.0958684575e+03	3.0210861013e-04	9.0632883650e-01
6.4500000000e+03	7.6391312434e+00	2.9662090515e+03	4.1170463755e-04	9.3183562800e-01
6.4500000000e+03	8.1354713288e+00	3.0089530555e+03	3.2007105962e-04	8.5295245600e-01
6.4500000000e+03	8.5020069836e+00	3.0526051200e+03	3.2583856970e-04	9.4063437350e-01
6.4500000000e+03	9.0023699803e+00	3.0961391110e+03	2.7295751678e-04	9.4844931650e-01
6.4550000000e+03	7.6409270341e+00	2.9665874620e+03	2.3638814369e-04	1.0674717200e+00
6.4550000000e+03	8.1409566828e+00	3.0096552285e+03	2.7295751678e-04	8.9208166950e-01
6.4550000000e+03	8.5057464893e+00	3.0535555070e+03	3.2972262498e-02	1.0374694300e+00
6.4550000000e+03	9.0017792501e+00	3.0968040715e+03	1.6715165939e-04	1.0304918650e+00
6.4600000000e+03	7.6426430623e+00	2.9675574915e+03	3.8360000885e-04	9.9232935200e-01
6.4600000000e+03	8.1472699613e+00	3.0106801675e+03	1.8812298593e-04	1.0247383900e+00
6.4600000000e+03	8.5097632701e+00	3.0545584365e+03	1.1036651645e-02	9.9512653450e-01
6.4600000000e+03	9.0092615035e+00	3.0973059775e+03	2.3638814369e-04	1.1005616750e+00
6.4650000000e+03	7.6483286638e+00	2.9678254925e+03	3.1419769717e-04	9.5416664450e-01
6.4650000000e+03	8.1502894460e+00	3.0108583035e+03	1.4950498918e-04	9.8483731700e-01
6.4650000000e+03	8.5125465187e+00	3.0545395945e+03	2.0698028513e-04	1.0143921650e+00
6.4650000000e+03	9.0103417174e+00	3.0979168740e+03	2.4414062500e-04	1.0331576600e+00
6.4700000000e+03	7.6475393993e+00	2.9684727320e+03	2.6604607810e-04	9.5771777300e-01
6.4700000000e+03	8.1579822210e+00	3.0115955740e+03	3.2296768934e-04	9.1637714450e-01
6.4700000000e+03	8.5193146531e+00	3.0544990980e+03	2.3864824144e-02	1.0074674775e+00
6.4700000000e+03	9.0152530535e+00	3.0978435150e+03	2.8300837694e-04	9.7955250250e-01
6.4750000000e+03	7.6529099466e+00	2.9684722450e+03	2.4029565045e-04	9.5323415750e-01
6.4750000000e+03	8.1567488121e+00	3.0110703450e+03	2.3638814369e-04	8.2704494050e-01
6.4750000000e+03	8.5211952179e+00	3.0551862780e+03	2.5532837724e-04	1.0103536150e+00
6.4750000000e+03	9.0190267009e+00	3.0978417745e+03	2.4414062500e-04	9.6175285650e-01
6.4800000000e+03	7.6616118319e+00	2.9685957085e+03	2.4029565045e-04	8.6227953800e-01
6.4800000000e+03	8.1655891573e+00	3.0122409985e+03	2.9587889755e-04	9.2807562100e-01
6.4800000000e+03	8.5231439387e+00	3.0557441080e+03	2.4792597670e-04	1.0852348750e+00
6.4800000000e+03	9.0193982640e+00	3.0988320360e+03	1.8812298593e-04	1.0465525850e+00
6.4850000000e+03	7.6581792838e+00	2.9685949990e+03	3.6365891381e-04	8.7300252100e-01
6.4850000000e+03	8.1683286419e+00	3.0121723820e+03	7.0016183600e-02	9.2050843450e-01
6.4850000000e+03	8.5217511627e+00	3.0557414345e+03	2.7969822357e-04	1.0668524350e+00
6.4850000000e+03	9.0191535635e+00	3.0989242070e+03	2.6127752433e-03	1.0622313350e+00
6.4900000000e+03	7.6633301938e+00	2.9693859265e+03	4.6881993090e-04	9.5701966850e-01
6.4900000000e+03	8.1674584412e+00	3.0122391610e+03	2.3638814369e-04	9.5374987750e-01
6.4900000000e+03	8.5270689537e+00	3.0553617695e+03	2.5532837724e-04	9.6774418350e-01
6.4900000000e+03	9.0300760927e+00	3.0997670845e+03	2.0243071230e-04	1.2032010100e+00
6.4950000000e+03	7.6634044060e+00	2.9693858320e+03	3.3150575229e-04	9.5252749500e-01
6.4950000000e+03	8.1700694619e+00	3.0122390605e+03	2.5165439609e-04	9.4532103250e-01
6.4950000000e+03	8.5306436189e+00	3.0557403325e+03	3.6108885395e-04	1.0747358250e+00
6.4950000000e+03	9.0326471350e+00	3.0997669490e+03	1.4950498918e-04	1.1931010200e+00
6.5000000000e+03	7.6644053042e+00	2.9693856385e+03	2.5895023725e-04	9.4723767600e-01
6.5000000000e+03	8.1704937132e+00	3.0130667320e+03	2.4029565045e-04	9.2813803850e-01
6.5000000000e+03	8.5322149890e+00	3.0562462970e+03	1.6303414533e-02	9.6044159800e-01
6.5000000000e+03	9.0339869497e+00	3.0995658800e+03	2.2006538547e-04	1.0507518100e+00
6.5050000000e+03	7.6697938492e+00	2.9700325460e+03	2.9271432637e-04	9.8342987100e-01
6.5050000000e+03	8.1727721220e+00	3.0132453540e+03	1.7263349150e-04	9.0230278050e-01
6.5050000000e+03	8.5416358652e+00	3.0570358565e+03	2.5532837724e-04	1.1227395100e+00
6.5050000000e+03	9.0480854694e+00	3.1003533115e+03	1.2561895936e-01	1.1604291400e+00
6.5100000000e+03	7.6724209289e+00	2.9705353095e+03	4.2286396669e-04	9.3635387050e-01
6.5100000000e+03	8.1763137964e+00	3.0139467120e+03	2.5895023725e-04	1.0082660050e+00
6.5100000000e+03	8.5491612583e+00	3.0573060895e+03	1.9777651057e-04	1.0671030450e+00
6.5100000000e+03	9.0470503830e+00	3.1002839950e+03	2.3638814369e-04	1.0567572900e+00
6.5150000000e+03	7.6750673611e+00	2.9706247910e+03	3.8360000885e-04	9.6377337250e-01
6.5150000000e+03	8.1806013751e+00	3.0135130990e+03	2.4029565045e-04	8.6257755250e-01
6.5150000000e+03	8.5496757969e+00	3.0573915855e+03	1.1785036804e-01	1.0119233285e+00
6.5150000000e+03	9.0455233975e+00	3.1007517930e+03	2.2006538547e-04	1.0233460100e+00
6.5200000000e+03	7.6825031232e+00	2.9710035835e+03	1.4314012939e-04	1.0491357950e+00
6.5200000000e+03	8.1851773309e+00	3.0144495185e+03	2.4029565045e-04	1.0314882150e+00
6.5200000000e+03	8.5512815476e+00	3.0584191790e+03	2.0698028513e-04	1.0820862450e+00
6.5200000000e+03	9.0539893288e+00	3.1016087415e+03	1.9829382013e-03	1.1592063900e+00
6.5250000000e+03	7.6834836507e+00	2.9712715000e+03	2.8300837694e-04	9.3382990700e-01
6.5250000000e+03	8.1869316530e+00	3.0144485155e+03	2.6252213339e-04	1.0474569450e+00
6.5250000000e+03	8.5582824289e+00	3.0582190575e+03	2.0243071230e-04	1.0237624700e+00
6.5250000000e+03	9.0586696978e+00	3.1015978695e+03	2.0243071230e-04	1.1626849000e+00
6.5300000000e+03	7.6924839660e+00	2.9723310030e+03	2.2837264324e-04	9.3673739150e-01
6.5300000000e+03	8.1938952918e+00	3.0153648485e+03	1.9301011109e-04	9.9100978300e-01
6.5300000000e+03	8.5666329281e+00	3.0582194505e+03	1.8812298593e-04	1.0247414150e+00
6.5300000000e+03	9.0646905122e+00	3.1017966435e+03	4.3725268151e-02	1.0104259405e+00
6.5350000000e+03	7.6953991570e+00	2.9726895790e+03	3.2338812435e-01	8.5586169050e-01
6.5350000000e+03	8.2012461563e+00	3.0156330125e+03	3.3150575229e-04	8.2398364250e-01
6.5350000000e+03	8.5789435171e+00	3.0589920090e+03	2.3638814369e-04	9.9649062150e-01
6.5350000000e+03	9.0690556932e+00	3.1026934595e+03	2.2006538547e-04	1.0958066800e+00
6.5400000000e+03	7.6988121626e+00	2.9730127460e+03	3.5589305999e-04	8.4842994300e-01
6.5400000000e+03	8.2027768439e+00	3.0164253035e+03	2.1143198335e-04	9.9042344950e-01
6.5400000000e+03	8.5830659566e+00	3.0602088520e+03	5.1609907609e-04	1.1755010100e+00
6.5400000000e+03	9.0828263065e+00	3.1032848605e+03	2.1579186438e-04	1.1206860250e+00
6.5450000000e+03	7.7018744740e+00	2.9736593190e+03	4.0715527539e-04	9.5371685750e-01
6.5450000000e+03	8.2013468870e+00	3.0164586475e+03	3.8394848956e-02	9.9058564750e-01
6.5450000000e+03	8.5861412106e+00	3.0602135710e+03	7.6598513171e-04	1.1734823350e+00
6.5450000000e+03	9.0785227941e+00	3.1034651395e+03	2.7969822357e-04	1.1311577050e+00
6.5500000000e+03	7.7059115532e+00	2.9736592215e+03	3.2296768934e-04	9.5470996250e-01
6.5500000000e+03	8.2039999073e+00	3.0164478445e+03	8.7234677229e-02	8.8807619500e-01
6.5500000000e+03	8.5860834056e+00	3.0606214690e+03	2.4467849990e-01	1.1108648400e+00
6.5500000000e+03	9.0855003862e+00	3.1034276810e+03	2.8951516664e-04	1.0446398850e+00
6.5550000000e+03	7.7106928460e+00	2.9738382140e+03	3.2868437544e-04	9.0859136550e-01
6.5550000000e+03	8.2092644600e+00	3.0179870320e+03	2.2006538547e-04	1.0514122500e+00
6.5550000000e+03	8.5964846473e+00	3.0603088930e+03	5.9489711577e-04	1.0140390900e+00
6.5550000000e+03	9.0888118142e+00	3.1036084125e+03	2.1579186438e-04	1.0491037300e+00
6.5600000000e+03	7.7159737709e+00	2.9744865380e+03	3.2583856970e-04	9.2054099700e-01
6.5600000000e+03	8.2131029495e+00	3.0177191335e+03	1.9777651057e-04	1.0961937200e+00
6.5600000000e+03	8.5983979757e+00	3.0615289615e+03	4.2953661957e-02	1.1278587400e+00
6.5600000000e+03	9.0923935236e+00	3.1046287175e+03	7.5917037750e-03	1.1962550750e+00
6.5650000000e+03	7.7229528426e+00	2.9746656810e+03	3.0821243098e-04	9.0115811800e-01
6.5650000000e+03	8.2161220346e+00	3.0180784200e+03	2.7969822357e-04	9.7940068250e-01
6.5650000000e+03	8.6054236020e+00	3.0617749230e+03	2.9574800199e-01	1.0494965050e+00
6.5650000000e+03	9.1033029144e+00	3.1047921920e+03	3.0210861013e-04	1.0676828250e+00
6.5700000000e+03	7.7234761281e+00	2.9748445970e+03	4.0255450312e-04	8.6856355450e-01
6.5700000000e+03	8.2183874425e+00	3.0180774225e+03	1.8310546875e-04	1.0432321200e+00
6.5700000000e+03	8.6053036945e+00	3.0641629665e+03	1.4372154206e+00	1.0197745300e+00
6.5700000000e+03	9.1016752592e+00	3.1046127160e+03	2.8628025878e-04	1.0464280100e+00
6.5750000000e+03	7.7274992259e+00	2.9749338040e+03	3.8116442861e-04	9.0323322100e-01
6.5750000000e+03	8.2189257389e+00	3.0188275315e+03	1.1740963863e-01	1.0831176200e+00
6.5750000000e+03	8.6063335045e+00	3.0628798450e+03	1.9399086109e-01	9.7957268000e-01
6.5750000000e+03	9.1087900266e+00	3.1053862955e+03	2.4029565045e-04	1.0129088550e+00
6.5800000000e+03	7.7292857738e+00	2.9749335025e+03	3.4255896485e-04	9.1520452200e-01
6.5800000000e+03	8.2221013908e+00	3.0191389220e+03	2.2006538547e-04	9.5997166050e-01
6.5800000000e+03	8.6134671826e+00	3.0628127820e+03	9.0321823781e-02	1.0283323000e+00
6.5800000000e+03	9.1163413129e+00	3.1059429615e+03	3.7871318500e-04	1.0236041350e+00
6.5850000000e+03	7.7307171898e+00	2.9752010780e+03	3.1419769717e-04	8.2035825600e-01
6.5850000000e+03	8.2238420608e+00	3.0191387155e+03	1.8310546875e-04	9.7090166000e-01
6.5850000000e+03	8.6172541694e+00	3.0631262725e+03	5.0050688918e-03	1.0167105400e+00
6.5850000000e+03	9.1143402178e+00	3.1059429140e+03	5.4077286214e-04	1.0203611500e+00
6.5900000000e+03	7.7362154879e+00	2.9758208905e+03	6.9594251293e-02	9.2598930100e-01
6.5900000000e+03	8.2261050550e+00	3.0191378055e+03	1.9777651057e-04	1.0434315300e+00
6.5900000000e+03	8.6197824714e+00	3.0636078115e+03	2.2425748378e-04	1.0320566250e+00
6.5900000000e+03	9.1173669291e+00	3.1059425140e+03	2.5165439609e-04	1.0234448300e+00
6.5950000000e+03	7.2624671942e+00	2.9335165060e+03	3.5850037001e-04	8.7868332100e-01
6.5950000000e+03	7.7377012089e+00	2.9759029385e+03	2.8951516664e-04	9.4302546300e-01
6.5950000000e+03	8.2282203604e+00	3.0191373555e+03	1.9777651057e-04	1.0418848100e+00
6.5950000000e+03	8.6229129392e+00	3.0636405815e+03	1.3989705183e-02	1.1079409300e+00
6.5950000000e+03	9.1225980530e+00	3.1060321520e+03	2.5532837724e-04	1.0204514300e+00
6.6000000000e+03	7.2637027297e+00	2.9335159075e+03	4.0943627518e-04	8.7220288550e-01
6.6000000000e+03	7.7373048956e+00	2.9764603175e+03	2.9587889755e-04	9.2545915850e-01
6.6000000000e+03	8.2285411630e+00	3.0199837070e+03	1.4314012939e-04	1.2320782750e+00
6.6000000000e+03	8.6222650928e+00	3.0637105785e+03	9.9134697944e-03	1.0563251750e+00
6.6000000000e+03	9.1210406825e+00	3.1059428700e+03	6.8503473176e-02	8.6661769100e-01
6.6050000000e+03	7.7380309575e+00	2.9765494465e+03	3.6365891381e-04	9.2716702850e-01
6.6050000000e+03	8.2316643561e+00	3.0205406315e+03	3.6108885395e-04	1.1790910900e+00
6.6050000000e+03	8.6281663095e+00	3.0644871710e+03	2.6952395222e-04	1.0088642220e+00
6.6050000000e+03	9.1249829492e+00	3.1062091680e+03	2.9900997837e-04	9.1622869650e-01
6.6100000000e+03	7.2651782593e+00	2.9335156205e+03	3.8602022219e-04	8.6189636600e-01
6.6100000000e+03	7.7413074773e+00	2.9771069735e+03	2.9900997837e-04	9.6347118650e-01
6.6100000000e+03	8.2320354225e+00	3.0206298925e+03	2.2006538547e-04	1.1774188450e+00
6.6100000000e+03	8.6289813684e+00	3.0644888940e+03	2.3638814369e-04	9.8534102100e-01
6.6100000000e+03	9.1242087374e+00	3.1064435540e+03	3.2007105962e-04	9.8065646250e-01
6.6150000000e+03	7.7442895687e+00	2.9767290130e+03	4.6482990148e-04	9.1036192200e-01
6.6150000000e+03	8.2346775103e+00	3.0210951000e+03	9.9638841048e-04	1.1796289200e+00
6.6150000000e+03	8.6292823687e+00	3.0644799710e+03	3.2409035772e-03	1.0669557000e+00
6.6150000000e+03	9.1262782293e+00	3.1071458195e+03	2.7295751678e-04	1.0535355100e+00
6.6200000000e+03	7.2750934791e+00	2.9342587890e+03	2.1369409742e-02	8.3852890150e-01
6.6200000000e+03	7.7471320840e+00	2.9776992070e+03	4.2065578467e-04	8.6020885950e-01
6.6200000000e+03	8.2358124679e+00	3.0208088345e+03	2.2425748378e-04	1.1713844850e+00
6.6200000000e+03	8.6327196926e+00	3.0646632915e+03	8.3909467071e-04	1.0850986400e+00
6.6200000000e+03	9.1304864753e+00	3.1071258770e+03	2.2425748378e-04	9.1841836250e-01
6.6250000000e+03	7.2686531453e+00	2.9342524310e+03	4.6482990148e-04	8.8017722100e-01
6.6250000000e+03	7.7524512996e+00	2.9776995040e+03	3.5326650704e-04	8.9624933000e-01
6.6250000000e+03	8.2380656221e+00	3.0211668245e+03	1.6715165939e-04	1.0887683650e+00
6.6250000000e+03	8.6338554217e+00	3.0652099960e+03	7.5198755557e-02	1.0023168300e+00
6.6250000000e+03	9.1310266896e+00	3.1077933715e+03	2.0243071230e-04	1.0710356400e+00
6.6300000000e+03	7.7558776743e+00	2.9777544595e+03	3.0821243098e-04	9.9936500600e-01
6.6300000000e+03	8.2418010933e+00	3.0214902710e+03	1.8812298593e-04	1.1200428750e+00
6.6300000000e+03	8.6439199832e+00	3.0654058840e+03	2.1143198335e-04	1.0709695800e+00
6.6300000000e+03	9.1322636474e+00	3.1077921255e+03	5.0515580314e-04	1.0221673025e+00
6.6350000000e+03	7.2730117590e+00	2.9349880855e+03	3.9081568832e-04	8.9058332150e-01
6.6350000000e+03	7.7601008214e+00	2.9781121740e+03	3.1419769717e-04	8.8738823050e-01
6.6350000000e+03	8.2443366722e+00	3.0221929990e+03	3.7376247296e-04	1.1795395100e+00
6.6350000000e+03	8.6491037015e+00	3.0658171350e+03	1.6148384467e-04	1.0888811550e+00
6.6350000000e+03	9.1401773876e+00	3.1083493805e+03	2.4029565045e-04	1.0724435050e+00
6.6400000000e+03	7.2788440927e+00	2.9352564775e+03	4.1843594973e-04	8.0999455750e-01
6.6400000000e+03	7.7625581347e+00	2.9786695490e+03	3.7126236147e-04	9.1323113800e-01
6.6400000000e+03	8.2460631769e+00	3.0219920065e+03	1.6148384467e-04	1.1152399800e+00
6.6400000000e+03	8.6514652469e+00	3.0660320880e+03	2.0243071230e-04	9.7696932150e-01
6.6400000000e+03	9.1407733471e+00	3.1083302140e+03	2.5895023725e-04	9.6446308600e-01
6.6450000000e+03	7.7651873423e+00	2.9786695555e+03	3.3430331879e-04	9.4724528250e-01
6.6450000000e+03	8.2497212971e+00	3.0221715195e+03	1.6715165939e-04	1.0864791500e+00
6.6450000000e+03	8.6627241739e+00	3.0660331925e+03	1.5560972637e-04	1.0184435900e+00
6.6450000000e+03	9.1433815640e+00	3.1091225600e+03	2.6252213339e-04	1.0466518100e+00
6.6500000000e+03	7.2758946429e+00	2.9360139310e+03	3.5326650704e-04	1.0114957750e+00
6.6500000000e+03	7.7678121203e+00	2.9796397415e+03	2.6252213339e-04	9.1405359300e-01
6.6500000000e+03	8.2503486564e+00	3.0225483530e+03	1.8812298593e-04	1.1692207100e+00
6.6500000000e+03	8.6585117981e+00	3.0663773570e+03	8.3463372405e-02	1.0280281895e+00
6.6500000000e+03	9.1458627135e+00	3.1091221000e+03	1.6715165939e-04	1.0968984600e+00
6.6550000000e+03	7.7736434578e+00	2.9796401235e+03	2.7634842341e-04	8.8650394100e-01
6.6550000000e+03	8.2518139936e+00	3.0228921405e+03	1.3489949447e-01	1.0304296525e+00
6.6550000000e+03	8.6645981903e+00	3.0664989335e+03	2.7634842341e-04	1.0136015700e+00
6.6550000000e+03	9.1525238094e+00	3.1091013885e+03	2.8951516664e-04	9.3611761000e-01
6.6600000000e+03	7.7752247162e+00	2.9794950300e+03	3.5850037001e-04	9.2331461900e-01
6.6600000000e+03	8.2536771134e+00	3.0229976160e+03	2.3638814369e-04	1.0144305550e+00
6.6600000000e+03	8.6647608560e+00	3.0667673860e+03	3.1714797502e-04	9.5961352050e-01
6.6600000000e+03	9.1533505135e+00	3.1091013385e+03	3.5589305999e-04	9.1950386350e-01
6.6650000000e+03	7.2813338411e+00	2.9371079135e+03	4.6282198755e-04	8.5386657600e-01
6.6650000000e+03	7.7795575429e+00	2.9801411565e+03	2.8628025878e-04	9.5967923150e-01
6.6650000000e+03	8.2581175067e+00	3.0238421175e+03	2.9587889755e-04	1.1865757300e+00
6.6650000000e+03	8.6697724833e+00	3.0673237755e+03	2.4029565045e-04	9.1717842200e-01
6.6650000000e+03	9.1584827031e+00	3.1098014380e+03	2.9587889755e-04	9.6674816350e-01
6.6700000000e+03	7.2913462215e+00	2.9371077855e+03	2.8951516664e-04	8.8643800950e-01
6.6700000000e+03	7.7825685628e+00	2.9801412450e+03	2.0698028513e-04	9.6225222100e-01
6.6700000000e+03	8.2597995345e+00	3.0244828890e+03	3.2816089706e-02	1.1448234950e+00
6.6700000000e+03	8.6707222003e+00	3.0674135495e+03	2.4414062500e-04	9.4251087550e-01
6.6700000000e+03	9.1650254731e+00	3.1099819020e+03	2.2006538547e-04	9.5868893850e-01
6.6750000000e+03	7.2868304872e+00	2.9377535275e+03	4.0486142460e-04	8.8046001750e-01
6.6750000000e+03	7.7820222302e+00	2.9804981130e+03	2.2425748378e-04	8.9837129400e-01
6.6750000000e+03	8.2608309665e+00	3.0244887330e+03	1.8310546875e-04	1.1622695300e+00
6.6750000000e+03	8.6748309940e+00	3.0674129230e+03	2.0243071230e-04	9.7740770000e-01
6.6750000000e+03	9.1643617482e+00	3.1104839815e+03	2.5895023725e-04	9.3696060750e-01
6.6800000000e+03	7.2903273939e+00	2.9377531145e+03	4.1843594973e-04	9.0649461450e-01
6.6800000000e+03	7.7885366289e+00	2.9807871025e+03	3.0517578125e-04	1.0648915200e+00
6.6800000000e+03	8.2632627800e+00	3.0248464430e+03	1.4314012939e-04	1.0862061450e+00
6.6800000000e+03	8.6779807427e+00	3.0678804915e+03	2.4414062500e-04	1.0056946650e+00
6.6800000000e+03	9.1684475838e+00	3.1104836620e+03	2.9900997837e-04	9.4338099550e-01
6.6850000000e+03	7.2956659296e+00	2.9381310840e+03	3.6108885395e-04	9.9460486100e-01
6.6850000000e+03	7.7866184693e+00	2.9811444110e+03	2.7634842341e-04	9.3102229550e-01
6.6850000000e+03	8.2616839870e+00	3.0254938760e+03	1.2947511863e-04	1.1010998900e+00
6.6850000000e+03	8.6797367064e+00	3.0678804790e+03	2.1579186438e-04	1.0145365900e+00
6.6850000000e+03	9.1734701807e+00	3.1104912840e+03	9.4456711063e-04	9.2387768350e-01
6.6900000000e+03	7.2924772090e+00	2.9384000270e+03	4.5470167315e-04	9.1932426200e-01
6.6900000000e+03	7.7904339710e+00	2.9807656905e+03	4.0255450312e-04	9.0410753500e-01
6.6900000000e+03	8.2677269858e+00	3.0244689005e+03	2.0243071230e-04	1.0979722550e+00
6.6900000000e+03	8.6864460878e+00	3.0682949965e+03	4.3158372875e-04	1.0316774500e+00
6.6900000000e+03	9.1737355600e+00	3.1117474695e+03	3.5515958315e-03	1.0819585400e+00
6.6950000000e+03	7.2987479970e+00	2.9388673025e+03	3.9319148946e-04	1.0172589250e+00
6.6950000000e+03	7.7928263512e+00	2.9817909940e+03	3.7376247296e-04	9.7558805250e-01
6.6950000000e+03	8.2678972741e+00	3.0254354455e+03	1.8083564240e-02	1.0771818750e+00
6.6950000000e+03	8.6863244708e+00	3.0682031990e+03	1.8812298593e-04	1.0173793250e+00
6.6950000000e+03	9.1764810365e+00	3.1115958275e+03	3.2296768934e-04	9.5616180900e-01
6.7000000000e+03	7.2983632821e+00	2.9389570085e+03	5.2857995836e-04	9.4059406550e-01
6.7000000000e+03	7.7965164426e+00	2.9817905135e+03	4.5058664124e-04	9.7455649150e-01
6.7000000000e+03	8.2692935011e+00	3.0257802975e+03	1.7263349150e-04	1.1946933950e+00
6.7000000000e+03	8.6898711616e+00	3.0684718060e+03	2.7295751678e-04	1.0062409100e+00
6.7000000000e+03	9.1801799855e+00	3.1115957835e+03	2.9900997837e-04	9.5860912450e-01
6.7050000000e+03	7.3004426204e+00	2.9390464360e+03	4.0486142460e-04	9.5966275350e-01
6.7050000000e+03	7.7989094768e+00	2.9817904850e+03	3.3150575229e-04	9.8106186400e-01
6.7050000000e+03	8.2700610946e+00	3.0257611375e+03	1.5560972637e-04	9.9157139200e-01
6.7050000000e+03	8.6951897376e+00	3.0681826315e+03	2.9587889755e-04	9.2449885100e-01
6.7100000000e+03	7.3021108336e+00	2.9390456850e+03	4.8445153401e-04	1.0018698550e+00
6.7100000000e+03	7.8010175674e+00	2.9823475895e+03	3.1419769717e-04	9.6308865700e-01
6.7100000000e+03	8.2715936020e+00	3.0257594230e+03	2.1579186438e-04	1.0025888125e+00
6.7100000000e+03	8.6937455558e+00	3.0681817695e+03	2.6952395222e-04	9.1469283950e-01
6.7150000000e+03	7.3089759281e+00	2.9394032595e+03	6.0575662968e-04	9.1015596450e-01
6.7150000000e+03	7.8044207746e+00	2.9825266630e+03	2.4792597670e-04	9.4742622950e-01
6.7150000000e+03	8.2757313771e+00	3.0264967705e+03	1.8812298593e-04	1.1459342150e+00
6.7150000000e+03	8.6995517162e+00	3.0692085710e+03	1.7794652999e-04	1.0321396600e+00
6.7200000000e+03	7.3108860449e+00	2.9394029765e+03	4.0943627518e-04	9.5988920950e-01
6.7200000000e+03	7.8096796116e+00	2.9827056085e+03	3.0210861013e-04	9.1989019450e-01
6.7200000000e+03	8.2771561193e+00	3.0270544345e+03	1.7794652999e-04	1.1159249400e+00
6.7200000000e+03	8.7032167341e+00	3.0698547805e+03	2.4029565045e-04	9.8666161050e-01
6.7250000000e+03	7.3181666509e+00	2.9408409090e+03	5.6436895779e-04	9.7272583850e-01
6.7250000000e+03	7.8146979014e+00	2.9827940025e+03	3.2296768934e-04	9.3913318400e-01
6.7250000000e+03	8.2808067550e+00	3.0271446750e+03	2.5165439609e-04	1.0773394600e+00
6.7250000000e+03	8.7085640734e+00	3.0698555660e+03	2.4792597670e-04	1.0541201950e+00
6.7300000000e+03	7.3236638400e+00	2.9408402665e+03	4.4643368037e-04	9.5957477050e-01
6.7300000000e+03	7.8172439068e+00	2.9837844450e+03	2.5165439609e-04	1.0943033300e+00
6.7300000000e+03	8.2841627815e+00	3.0266743960e+03	2.5532837724e-04	1.1308360900e+00
6.7300000000e+03	8.7149536719e+00	3.0704470245e+03	2.4029565045e-04	9.9276009850e-01
6.7350000000e+03	7.3234507015e+00	2.9407856660e+03	5.1429136799e-04	8.9393064350e-01
6.7350000000e+03	7.8229124911e+00	2.9839639020e+03	3.2583856970e-04	1.0462222500e+00
6.7350000000e+03	8.2861076405e+00	3.0277902545e+03	1.8812298593e-04	1.1425689750e+00
6.7350000000e+03	8.7163692526e+00	3.0704463035e+03	2.0243071230e-04	9.8742875800e-01
6.7400000000e+03	7.3286396433e+00	2.9407855210e+03	3.3430331879e-04	9.4420429750e-01
6.7400000000e+03	7.8238137615e+00	2.9837647860e+03	2.5532837724e-04	9.4307774500e-01
6.7400000000e+03	8.2866937254e+00	3.0279700370e+03	2.6604607810e-04	1.0901416500e+00
6.7400000000e+03	8.7220499782e+00	3.0710038065e+03	1.9301011109e-04	1.0077164715e+00
6.7450000000e+03	7.3347717579e+00	2.9416663260e+03	4.0255450312e-04	9.7441848850e-01
6.7450000000e+03	7.8285746284e+00	2.9850238135e+03	2.5165439609e-04	1.0128089350e+00
6.7450000000e+03	8.2870715103e+00	3.0279679475e+03	2.4029565045e-04	1.0643208400e+00
6.7450000000e+03	8.7243969430e+00	3.0716693700e+03	2.0698028513e-04	1.1923779300e+00
